ticker_name,video_id,title,description,channel_title,published_at,view_count,like_count,comment_count,url,thumbnail,collected_at
테슬라,CELUKUfjf8s,"[테슬라 주가분석]단독) 트럼프 관세법안 불법 판결! 배팅80%, 오늘 밤 나스닥 폭락할까?","구독자 무료 이벤트. 텐배거 하단 자리 공략알림신청!!
클릭👉https://forms.gle/CmVXhEES3ywnEBk89

100% 완전 무료입니다. 구독자님들에게만 제공 됩니다. 


하루하루 크게 노리는 도박성 매매는 이제 그만합니다! 복구든 추가수익이든 계획에 맞게 하나씩 실행하면 우리 모두다 경제적 자유를 이룰 수 있습니다.

포기만 하지않는다면 누구나 다 닿을 수 있습니다. 좋은 종목은 당연히 큰 수익으로 돌아올 수 밖에 없고 우리 모두다 좋은 종목으로 경제적 부를 이룹시다!


#테슬라 #테슬라뉴스 #테슬라주가 #tesla #해외주식",미국주식 월가TV,2026-01-14T03:30:09Z,4959,207,1,https://www.youtube.com/watch?v=CELUKUfjf8s,https://i.ytimg.com/vi/CELUKUfjf8s/hqdefault.jpg,2026-01-15T11:42:59.016185
테슬라,AP2OlURgyQk,[테슬라 주가분석] 긴급속보) 3분전 미 블룸버그통신 충격발표! 공화당.. 선넘었다!! #자율주행 #옵티머스 #휴머노이드로봇,"👇 구독자 전용 혜택 무료로 받아가기👇
https://link24.kr/4FtEftI


#테슬라 #테슬라주식 #테슬라뉴스 #ARK #일론머스크 #모델3  #모델y #investing #투자 #elonmusk #TSLA #Tesla #오테뉴 #트위터 #스페이스X #Twitter #오늘의테슬라뉴스 #주식투자 #해외주식#미국주식 #나스닥 #fomc",미국주식 월가TV,2026-01-13T10:00:27Z,8105,429,6,https://www.youtube.com/watch?v=AP2OlURgyQk,https://i.ytimg.com/vi/AP2OlURgyQk/hqdefault.jpg,2026-01-15T11:42:59.016193
테슬라,oWsubdW1B0w,[테슬라 전망] 조금만 기다리세요. 무섭게 올라갑니다.,"★구독자 이벤트 ( 1월에 급등하는 연초 급등, 세력주 무료 공개 )★
-종목명, 매수가, 목표가, 리포트 동시에 보내드립니다.

※신청방법
↓아래 링크 클릭 후 설문조사 참여 시 무료로 전부 보내드립니다.                             
https://forms.gle/dBPKDM4uu8KLhcBF8

처음엔 전기차라는 꿈 하나로 시작했습니다.
이제 테슬라는 세상의 이동 방식을 바꾸고 있습니다.
한 번의 주행이 미래를 향한 발걸음이 되고, 한번의 혁신이 새로운 이야기를 씁니다.
그리고 그 여정의 한가운데, 우리는 함께 서 있습니다.


#테슬라 #테슬라뉴스 #테슬라주가 #tesla #해외주식",미국주식 월가TV,2026-01-14T07:30:29Z,1445,94,0,https://www.youtube.com/watch?v=oWsubdW1B0w,https://i.ytimg.com/vi/oWsubdW1B0w/hqdefault.jpg,2026-01-15T11:42:59.016196
테슬라,vue4pKf546k,"테슬라 주가, 지금 매수해야하는 이유 3가지","#테슬라주가 #테슬라주식 #테슬라전망 

안녕하세요 오늘은 테슬라 관련 뉴스로
오랜만에 찾아뵙습니다.
구독자님들께 도움되길 바랍니다.
감사합니다.",주터팬,2026-01-13T12:54:08Z,3112,112,20,https://www.youtube.com/watch?v=vue4pKf546k,https://i.ytimg.com/vi/vue4pKf546k/hqdefault.jpg,2026-01-15T11:42:59.016198
테슬라,QkOoM70uztI,2026년 7월 테슬라 목표가 700 불 돌파한다고 선언! 일론 머스크의 머릿속에 대체 어디까지 구상하는것인가?!,"▼AI 보조지표 ＆ 상승종목 추천▼

https://myip.kr/WpmyC

👉 도서신청 & 상승종목(실시간) 무료로 받아보기

👉 허황되거나 거짓으로 정보를 공유드리지 않습니다.
  모든 분석과 공유는 데이터·온체인·공식 발표 기반으로만 제공합니다.

👉 어떤 주식이든 ""팩트""를 기반으로 말씀드립니다.
  찌라시 기사나, 추측이 아닌 사실 기반의 정보만 안내드립니다
-----------------------------------------------------------------------------------------------------------------
시장은 늘 기회를 줍니다.
하지만 그 기회를 정확히 잡는 사람만이 결과를 바꿀 수 있습니다.

누구보다 쉽고 명확하게,
여러분의 투자 타이밍을 함께 잡아드리겠습니다.

여러분의 투자 성공, 지금부터 시작입니다.


#테슬라#테슬라주식#테슬라전망#테슬라뉴스#테슬라주가전망#테슬라관련주",한국인의주식,2026-01-12T01:00:37Z,1422,35,2,https://www.youtube.com/watch?v=QkOoM70uztI,https://i.ytimg.com/vi/QkOoM70uztI/hqdefault.jpg,2026-01-15T11:42:59.016199
테슬라,-RsiaQSl7L4,[테슬라 전망] 본격 상승랠리 시작! $500 이제 돌파 시나리오 그려보겠습니다.,"★구독자 이벤트 ( 1월에 급등하는 연초 급등, 세력주 무료 공개 )★
-종목명, 매수가, 목표가, 리포트 동시에 보내드립니다.

※신청방법
↓아래 링크 클릭 후 설문조사 참여 시 무료로 전부 보내드립니다.                             
https://forms.gle/dBPKDM4uu8KLhcBF8

처음엔 전기차라는 꿈 하나로 시작했습니다.
이제 테슬라는 세상의 이동 방식을 바꾸고 있습니다.
한 번의 주행이 미래를 향한 발걸음이 되고, 한번의 혁신이 새로운 이야기를 씁니다.
그리고 그 여정의 한가운데, 우리는 함께 서 있습니다.


#테슬라 #테슬라뉴스 #테슬라주가 #tesla #해외주식",미국주식 월가TV,2026-01-12T06:00:00Z,2000,95,0,https://www.youtube.com/watch?v=-RsiaQSl7L4,https://i.ytimg.com/vi/-RsiaQSl7L4/hqdefault.jpg,2026-01-15T11:42:59.016201
테슬라,WvExm8ffzCA,테슬라 주가 상승 호재 집중 분석 앞으로의 전망은 어떻게 될까 #테슬라 #테슬라전망,"테슬라 주가 상승 호재 총정리 앞으로의 전망과 투자 포인트
📍히든 급등주 추천: https://forms.gle/pAGJkd16wVPpt93H8
테슬라의 앞으로 전망과 주가 상승 가능성에 대한 관심이 높아지고 있습니다. 최근 글로벌 전기차 시장 확대, 배터리 기술 혁신, 생산량 증가 등 다양한 호재가 테슬라의 주가 상승을 이끌 주요 요인으로 작용하고 있습니다. 이번 영상에서는 테슬라가 가진 장기 성장 가능성과 단기적인 주가 호재를 분석하며, 앞으로의 투자 전략과 시장 움직임을 상세히 살펴봅니다. 테슬라의 향후 전망과 주가 상승 요인을 확인하고 투자 판단에 활용할 수 있습니다.
#테슬라 #테슬라전망",Country Ball Making,2026-01-12T12:58:00Z,906,6,1,https://www.youtube.com/watch?v=WvExm8ffzCA,https://i.ytimg.com/vi/WvExm8ffzCA/hqdefault.jpg,2026-01-15T11:42:59.016202
테슬라,GdMccICHZwo,"테슬라 주가 탑승 마지막 기회인가, 엄청난 일 벌어집니다 ㅣ 강정수 블루닷AI 연구센터장 [찐코노미]","* 촬영일 : 2026년 1월 7일 / 시청에 참고해 주시기 바랍니다

#테슬라 #테슬라뉴스 

테슬라 주가 1,000달러, 과연 현실 가능한 시나리오일까요? 단순한 전기차 제조사를 넘어 AI 기업으로의 재평가가 시급한 시점입니다. 

엔비디아와의 AI 경쟁에서 우위를 점하기 위한 필수 조건과 함께, 주가 폭발의 트리거가 될 결정적 '전제 조건'들을 분석했습니다

막연한 낙관론을 배제하고, 철저한 팩트와 논리로 미래 가치를 전망합니다. 

지금 테슬라가 준비하고 있는 거대한 변화의 흐름을 미리 포착해 보십시오. 

[비즈니스 협업 문의]
contents@etoday.co.kr

경제신문 이투데이
▶ 공식 홈페이지 http://www.etoday.co.kr
▶ 공식 페이스북 https://www.facebook.com/etoday/
▶ 공식 블로그 https://blog.naver.com/etoday12",이투데이TV,2026-01-14T07:30:09Z,11680,495,33,https://www.youtube.com/watch?v=GdMccICHZwo,https://i.ytimg.com/vi/GdMccICHZwo/hqdefault.jpg,2026-01-15T11:42:59.016204
테슬라,P_-uSyEJrE4,테슬라 긴급 기자회견 !! 역사가 뒤바뀌는 하루가 될겁니다,"영상 시청해 주셔서 감사합니다.

▼비공개 파일 +지표 받아보기▼

https://myip.kr/MNkno




영상에서 언급되는 모든 내용은
투자 권유가 아닌 시장 정보와 제 개인 의견이며
시장과 종목의 상승은 누구도 보장할 수 없습니다.
정보를 기반으로 한 최종적인 투자판단과 선택은
언제나 투자자 본인의 몫이라는 점, 꼭 기억해 주세요.

※ 정보 판매, 유료리딩방 절대 없습니다.
※ 사칭 및 금전요구 제보가 끊이질 않습니다. 주의해주세요

-----------------------------------------------------
본 영상은 투자 권유를 목적으로 제작된 것이 아니며,  
영상에서 언급된 내용은 모두 일반적인 시장 정보 및 개인적 의견에 기반한 분석일 뿐, 어떠한 자산의 매수, 매도, 투자 권유를 의미하지 않습니다.

투자에 대한 판단은 전적으로 시청자 본인의 몫이며,  
그로 인해 발생하는 모든 투자 결과에 대한 책임은 투자자 본인에게 있습니다.

투자에 ",한국인의주식,2026-01-14T21:00:35Z,1583,89,14,https://www.youtube.com/watch?v=P_-uSyEJrE4,https://i.ytimg.com/vi/P_-uSyEJrE4/hqdefault.jpg,2026-01-15T11:42:59.016206
테슬라,o-sNkIOwtm8,[테슬라 분석] 미 국방부 대놓고 밀어 주네요! 테슬라 FSD 스타링크 중요한 이유! 450달러 눌림목 끝난다!,"📌 미국 주식으로 은퇴하기 구독자 무료 이벤트 📌
클릭👉  https://forms.gle/H2od19oFb16895ss6

테슬라 주가 향방은?
미국 주식시장은 롱 세력과 공매도 세력이
가장 활발한 시장입니다.
테슬라 역시 이러한 세력들이 관리하는 주식인데
최근에 이슈를 어떻게 분석해야 할지 어디서 사서
어디서 팔아야 할지 매일 분석영상으로 함께
성공투자 하겠습니다.


#테슬라 #테슬라주식 #테슬라뉴스 #ARK #일론머스크 #모델3  #모델y #investing #투자 #elonmusk #TSLA #Tesla #오테뉴 #트위터 #스페이스X #Twitter #오늘의테슬라뉴스 #주식투자 #해외주식#미국주식 #나스닥#미국주식#삼성전자#테슬라관련주 #테슬라자율주행",미국주식 월가TV,2026-01-14T06:11:49Z,3303,183,0,https://www.youtube.com/watch?v=o-sNkIOwtm8,https://i.ytimg.com/vi/o-sNkIOwtm8/hqdefault.jpg,2026-01-15T11:42:59.016207
테슬라,ARBmh4MkpF8,"테슬라, 이것보다 정확한 2026년 전망분석은 없습니다","시청자 참여링크
모바일 - https://myip.kr/wyKFH
PC - https://naver.me/54641d9e
이 영상은
Tesla 이야기로 시작하지만,
결국 자동차 회사 이야기로 끝나지 않습니다.

테슬라가 차를 싸게 파는 이유,
FSD를 밀어붙이는 이유,
한국 시장에 유독 관심을 보이는 이유.

이 모든 질문의 답은
**“기술 하나”가 아니라 “하나의 생태계”**에 있습니다.

이 영상에서는
✔ 테슬라 FSD가 왜 ‘가격 전략’과 연결되는지
✔ 카메라 중심 자율주행이 라이다·레이더를 이긴 이유
✔ 한국 시장이 머스크에게 중요한 실험장이 될 수 있는 이유
✔ SpaceX IPO 1,000조 원 평가가 왜 과장이 아닌지
✔ Neuralink가 단순한 의료 스타트업이 아닌 이유

를 하나의 흐름으로 묶어 설명합니다.

머스크가 보는 세상은
‘자동차’, ‘우주’, ‘AI’, ‘뇌 인터페이스’로 나뉘어 있지 않습니다.

자율주행이 필요한 이유는
로봇과 물류, 그리고 인간 이동의",부의 시그널,2026-01-12T10:46:00Z,48,6,0,https://www.youtube.com/watch?v=ARBmh4MkpF8,https://i.ytimg.com/vi/ARBmh4MkpF8/hqdefault.jpg,2026-01-15T11:42:59.016209
테슬라,IMsH71c5bfQ,"[테슬라 주가분석] 오늘 밤 미국경제 사망선고, 지수 녹아내릴 때 600불 가기전 마지막 막차기회!!","구독자 무료 이벤트. 텐배거 하단 자리 공략알림신청!!
클릭👉https://forms.gle/CmVXhEES3ywnEBk89

100% 완전 무료입니다. 구독자님들에게만 제공 됩니다. 


하루하루 크게 노리는 도박성 매매는 이제 그만합니다! 복구든 추가수익이든 계획에 맞게 하나씩 실행하면 우리 모두다 경제적 자유를 이룰 수 있습니다.

포기만 하지않는다면 누구나 다 닿을 수 있습니다. 좋은 종목은 당연히 큰 수익으로 돌아올 수 밖에 없고 우리 모두다 좋은 종목으로 경제적 부를 이룹시다!


#테슬라 #테슬라뉴스 #테슬라주가 #tesla #해외주식",미국주식 월가TV,2026-01-09T02:30:28Z,11462,425,12,https://www.youtube.com/watch?v=IMsH71c5bfQ,https://i.ytimg.com/vi/IMsH71c5bfQ/hqdefault.jpg,2026-01-15T11:42:59.016210
테슬라,ZZ7om06757s,26년 1월 테슬라 주가하락은 어디까지?! 하지만 일론이 X에 올린 글에는 다음주부터 반등한다고 적어...,"▼AI 보조지표 ＆ 상승종목 추천▼

https://myip.kr/WpmyC

👉 도서신청 & 상승종목(실시간) 무료로 받아보기

👉 허황되거나 거짓으로 정보를 공유드리지 않습니다.
  모든 분석과 공유는 데이터·온체인·공식 발표 기반으로만 제공합니다.

👉 어떤 주식이든 ""팩트""를 기반으로 말씀드립니다.
  찌라시 기사나, 추측이 아닌 사실 기반의 정보만 안내드립니다
-----------------------------------------------------------------------------------------------------------------
시장은 늘 기회를 줍니다.
하지만 그 기회를 정확히 잡는 사람만이 결과를 바꿀 수 있습니다.

누구보다 쉽고 명확하게,
여러분의 투자 타이밍을 함께 잡아드리겠습니다.

여러분의 투자 성공, 지금부터 시작입니다.


#테슬라#테슬라주식#테슬라전망#테슬라뉴스#테슬라주가전망#테슬라관련주",한국인의주식,2026-01-11T01:00:46Z,697,28,0,https://www.youtube.com/watch?v=ZZ7om06757s,https://i.ytimg.com/vi/ZZ7om06757s/hqdefault.jpg,2026-01-15T11:42:59.016214
테슬라,DGE-f3ChzqM,테슬라 의장 1월 목표가 780불! 영업이익이 미쳤다 테슬라! 26년 최고점 뚫는다!,"▼AI 보조지표 ＆ 상승종목 추천▼

https://myip.kr/WpmyC

👉 도서신청 & 상승종목(실시간) 무료로 받아보기

👉 허황되거나 거짓으로 정보를 공유드리지 않습니다.
  모든 분석과 공유는 데이터·온체인·공식 발표 기반으로만 제공합니다.

👉 어떤 주식이든 ""팩트""를 기반으로 말씀드립니다.
  찌라시 기사나, 추측이 아닌 사실 기반의 정보만 안내드립니다
-----------------------------------------------------------------------------------------------------------------
시장은 늘 기회를 줍니다.
하지만 그 기회를 정확히 잡는 사람만이 결과를 바꿀 수 있습니다.

누구보다 쉽고 명확하게,
여러분의 투자 타이밍을 함께 잡아드리겠습니다.

여러분의 투자 성공, 지금부터 시작입니다.


#테슬라#테슬라주식#테슬라전망#테슬라뉴스#테슬라주가전망#테슬라관련주",한국인의주식,2026-01-10T01:00:17Z,5654,171,40,https://www.youtube.com/watch?v=DGE-f3ChzqM,https://i.ytimg.com/vi/DGE-f3ChzqM/hqdefault.jpg,2026-01-15T11:42:59.016215
테슬라,-3GvslTQH8Q,"[원익홀딩스 주가전망] 3분전 긴급속보! 5일선 이탈, -6% 급락 큰일났다! 큰손 무리해서 급락 만드는 진짜 이유! 꼭 확인하세요! 차트분석 재료분석 수급분석 #원익홀딩스주가","안녕하세요 최정원 입니다.
구독, 좋아요 부탁드리고,  응원댓글 남겨주시면 
영상제작 하는데 큰 힘이 됩니다! 

[종가베팅방 입장 방법]
010-8796-9261로 ""초대장"" 이라고 남겨주세요

남겨주신분들께 순차적으로 텔레그램 초대장 발송해드립니다.

#원익홀딩스 #원익로보틱스 #원익홀딩스주가 #원익홀딩스분석 #원익홀딩스주가전망 #원익홀딩스목표가 #로봇손 #테슬라 #메타 #엔비디아  #원익로보틱스 #트럼프로봇 #트럼프행정명령 #알레그로핸드",하나주식연구소,2026-01-14T12:30:00Z,1937,116,6,https://www.youtube.com/watch?v=-3GvslTQH8Q,https://i.ytimg.com/vi/-3GvslTQH8Q/hqdefault.jpg,2026-01-15T11:42:59.016217
